"datos_año","distrito_nombre","inmuebles_barrio","año_cons_medio","val_cat_barrio"
2013,"Centro",13037,1928,1859332585.3
2013,"Centro",24497,1927,2474861931.45
2013,"Centro",6406,1921,1181971661.81
2013,"Centro",10082,1928,2164151948.22
2013,"Centro",19370,1929,2466697108.88
2013,"Centro",4348,1918,924762212.5
2013,"Arganzuela",10708,1971,1286874061.01
2013,"Arganzuela",17511,1976,2082582788.45
2013,"Arganzuela",9376,1957,903590757.69
2013,"Arganzuela",8389,1997,1244198031.44
2013,"Arganzuela",13051,1970,1499766259.26
2013,"Arganzuela",13307,1953,1362556805.42
2013,"Arganzuela",490,1996,80734770.16
2013,"Retiro",16706,1964,2057541913.81
2013,"Retiro",8235,1982,1112981661.57
2013,"Retiro",9347,1973,1706620857.55
2013,"Retiro",10027,1948,1963644480.55
2013,"Retiro",3139,1949,1316571918.37
2013,"Retiro",6236,1968,1562876485.34
2013,"Salamanca",8494,1945,3592887308.55
2013,"Salamanca",15898,1944,3132732990.74
2013,"Salamanca",10432,1958,1404201049.39
2013,"Salamanca",20059,1966,2959692013.33
2013,"Salamanca",10742,1950,2085842410.75
2013,"Salamanca",8245,1951,2964505206.03
2013,"Chamartín",7145,1966,2986871260.01
2013,"Chamartín",18454,1969,2420383107.26
2013,"Chamartín",8619,1966,1215895618.22
2013,"Chamartín",13879,1968,2947475094.76
2013,"Chamartín",10183,1970,2757661846.58
2013,"Chamartín",7716,1973,1218058546.92
2013,"Tetuán",13353,1959,1270324164.04
2013,"Tetuán",17933,1962,2604645636.76
2013,"Tetuán",11850,1969,1827948244.2
2013,"Tetuán",9990,1984,1114822817.26
2013,"Tetuán",12191,1979,912224295.96
2013,"Tetuán",11641,1970,1008571074.42
2013,"Chamberí",12820,1956,1990613454.38
2013,"Chamberí",13313,1951,1901403651.87
2013,"Chamberí",13213,1950,1925068184.41
2013,"Chamberí",8890,1957,2604281617.67
2013,"Chamberí",13980,1956,2229501219.31
2013,"Chamberí",9716,1963,2064904657.77
2013,"Fuencarral - El Pardo",1446,1959,156841389.47
2013,"Fuencarral - El Pardo",1293,1972,421046934.5
2013,"Fuencarral - El Pardo",19416,1980,2638439679.6
2013,"Fuencarral - El Pardo",21354,1969,1803612912.58
2013,"Fuencarral - El Pardo",13504,1980,1981255902.18
2013,"Fuencarral - El Pardo",25933,1989,3191385310.08
2013,"Fuencarral - El Pardo",10209,1990,2179081023.05
2013,"Fuencarral - El Pardo",6452,2005,984794831.91
2013,"Moncloa - Aravaca",6331,1969,692978706.84
2013,"Moncloa - Aravaca",12544,1948,3057895458.18
2013,"Moncloa - Aravaca",7327,1973,2003165502.15
2013,"Moncloa - Aravaca",14092,1968,1385855806.45
2013,"Moncloa - Aravaca",2425,2001,808365192.06
2013,"Moncloa - Aravaca",992,1981,520075989.72
2013,"Moncloa - Aravaca",9383,1990,2165519496.59
2013,"Latina",7364,1977,571024275.93
2013,"Latina",19971,1964,1556969936.07
2013,"Latina",16158,1972,1221701069.86
2013,"Latina",29894,1970,2214157703.02
2013,"Latina",8451,1973,636316880.59
2013,"Latina",2095,2006,238092307.58
2013,"Latina",22925,1973,1398108173.22
2013,"Carabanchel",10869,1966,874631989.2
2013,"Carabanchel",14777,1972,1190632637.08
2013,"Carabanchel",16984,1975,1325264635.03
2013,"Carabanchel",19147,1970,1460366411.51
2013,"Carabanchel",13947,1974,1037120480.88
2013,"Carabanchel",19229,1989,1780454664.17
2013,"Carabanchel",12334,1974,930372462.39
2013,"Usera",9164,1987,739120521.97
2013,"Usera",5173,1990,436618727.22
2013,"Usera",9187,1985,725592552.07
2013,"Usera",8434,1973,670066651.24
2013,"Usera",11096,1961,775583636.42
2013,"Usera",5471,1972,365182044.99
2013,"Usera",6529,1971,452737151.62
2013,"Puente de Vallecas",13635,1975,771231460.04
2013,"Puente de Vallecas",17383,1963,1205734496.12
2013,"Puente de Vallecas",16574,1981,1288033272.87
2013,"Puente de Vallecas",17713,1982,1241331700.8
2013,"Puente de Vallecas",11822,1977,823253078.02
2013,"Puente de Vallecas",19997,1971,1513351108.87
2013,"Moratalaz",3557,1979,363583761.45
2013,"Moratalaz",2277,1999,337588386.32
2013,"Moratalaz",11865,1976,1190850710.29
2013,"Moratalaz",7994,1975,826964240.94
2013,"Moratalaz",7821,1967,567800149.63
2013,"Moratalaz",8205,1966,624077093.61
2013,"Ciudad Lineal",23133,1967,1823205673.48
2013,"Ciudad Lineal",27196,1973,2273534572.35
2013,"Ciudad Lineal",12028,1965,1082060343.13
2013,"Ciudad Lineal",10790,1964,1064053265.95
2013,"Ciudad Lineal",8959,1976,1064447721.47
2013,"Ciudad Lineal",5849,1982,987566731.14
2013,"Ciudad Lineal",3068,1977,490392957.5
2013,"Ciudad Lineal",710,1978,162193304.49
2013,"Ciudad Lineal",9275,1985,1844606765.79
2013,"Hortaleza",2629,1992,665598294.56
2013,"Hortaleza",5261,1992,1959284573.72
2013,"Hortaleza",17950,1978,2191007265.22
2013,"Hortaleza",23857,1974,2381829896.33
2013,"Hortaleza",6465,1949,747399423.9
2013,"Hortaleza",19527,2002,3282050584.49
2013,"Villaverde",17879,1976,1061138932.08
2013,"Villaverde",5647,1965,262956245.16
2013,"Villaverde",6753,1994,496964084.27
2013,"Villaverde",14373,1981,925936972.25
2013,"Villaverde",13007,1969,865512401.56
2013,"Villa de Vallecas",35456,1996,2958897510.78
2013,"Villa de Vallecas",9572,1980,787549223.2
2013,"Vicálvaro",19228,1992,1674247615.67
2013,"Vicálvaro",8161,1969,435818855.23
2013,"San Blas",12336,1975,972176637.93
2013,"San Blas",4116,1970,256442606.22
2013,"San Blas",3794,1964,180117617.72
2013,"San Blas",9767,1976,733664896.15
2013,"San Blas",11880,1993,1389923169.1
2013,"San Blas",6592,1991,666200798.71
2013,"San Blas",12257,1974,913899363.73
2013,"San Blas",4870,1982,704725398.89
2013,"Barajas",8005,1981,1095480965.74
2013,"Barajas",581,1962,161740666.37
2013,"Barajas",3666,1980,401560646.07
2013,"Barajas",4620,1994,536452319.5
2013,"Barajas",2939,1999,517729376.14
2014,"Centro",13133,1928,1856664182.99
2014,"Centro",24603,1927,2467074544.58
2014,"Centro",6456,1921,1177535857.59
2014,"Centro",10217,1928,2159104673.83
2014,"Centro",19645,1929,2496611676.55
2014,"Centro",4433,1918,907300608.02
2014,"Arganzuela",10714,1971,1287640594.8
2014,"Arganzuela",17514,1976,2083209809.63
2014,"Arganzuela",9400,1957,903633826.18
2014,"Arganzuela",8519,1997,1268284683.67
2014,"Arganzuela",13214,1970,1524180918.12
2014,"Arganzuela",13316,1953,1359643609.43
2014,"Arganzuela",486,1996,79729051.15
2014,"Retiro",16729,1964,2057407283
2014,"Retiro",8475,1983,1155566801.56
2014,"Retiro",9352,1973,1707821917.89
2014,"Retiro",10082,1948,1963327027.18
2014,"Retiro",3151,1949,1308298080.29
2014,"Retiro",6243,1968,1563088736.63
2014,"Salamanca",8567,1946,3557694631.71
2014,"Salamanca",15912,1944,3132387854.77
2014,"Salamanca",10434,1958,1407737770.4
2014,"Salamanca",20128,1966,2958519039.63
2014,"Salamanca",10829,1950,2083764279.66
2014,"Salamanca",8275,1951,2951641578.14
2014,"Chamartín",7158,1966,2991006495.39
2014,"Chamartín",18468,1969,2420302194.82
2014,"Chamartín",8693,1966,1227237365.22
2014,"Chamartín",13888,1968,2940060327.75
2014,"Chamartín",10216,1970,2761150733.17
2014,"Chamartín",7718,1973,1217444797.54
2014,"Tetuán",13407,1959,1268130520.84
2014,"Tetuán",17907,1962,2599649340.41
2014,"Tetuán",11879,1969,1831839836.59
2014,"Tetuán",9998,1984,1116085733.65
2014,"Tetuán",12255,1978,915239517.63
2014,"Tetuán",11690,1970,1011665372.33
2014,"Chamberí",12895,1956,1988130164.32
2014,"Chamberí",13344,1951,1906840277.46
2014,"Chamberí",13286,1950,1929589821.61
2014,"Chamberí",8940,1957,2603884787.5
2014,"Chamberí",14079,1956,2244318311.84
2014,"Chamberí",9891,1963,2105655277.96
2014,"Fuencarral - El Pardo",1458,1960,158182826.52
2014,"Fuencarral - El Pardo",1293,1972,419925564.47
2014,"Fuencarral - El Pardo",19405,1980,2637539568.48
2014,"Fuencarral - El Pardo",21367,1969,1804682255.9
2014,"Fuencarral - El Pardo",13504,1980,1980383327.28
2014,"Fuencarral - El Pardo",25947,1989,3189545749.49
2014,"Fuencarral - El Pardo",10892,1991,2300156472.6
2014,"Fuencarral - El Pardo",5966,2006,918971090.79
2014,"Moncloa - Aravaca",6323,1969,699241669.94
2014,"Moncloa - Aravaca",12556,1948,3057874225.03
2014,"Moncloa - Aravaca",7329,1973,2007991963.03
2014,"Moncloa - Aravaca",14089,1968,1386201816.23
2014,"Moncloa - Aravaca",2430,2001,810018360.2
2014,"Moncloa - Aravaca",990,1981,525340096.97
2014,"Moncloa - Aravaca",9413,1990,2179984565.81
2014,"Latina",7372,1977,570753840.12
2014,"Latina",20024,1964,1560838503.06
2014,"Latina",16164,1972,1221781470.61
2014,"Latina",29973,1970,2221142130.23
2014,"Latina",8443,1973,632245277.28
2014,"Latina",2095,2006,238092307.58
2014,"Latina",22928,1973,1398912377.42
2014,"Carabanchel",10877,1966,874926732.25
2014,"Carabanchel",14795,1972,1192367799.88
2014,"Carabanchel",17006,1975,1325089192.01
2014,"Carabanchel",19184,1970,1461531209.94
2014,"Carabanchel",13967,1974,1037426958.39
2014,"Carabanchel",19263,1989,1784437992.35
2014,"Carabanchel",12341,1974,931317328.21
2014,"Usera",9164,1987,739139237.43
2014,"Usera",5191,1990,437970480.17
2014,"Usera",9188,1985,725766951.59
2014,"Usera",8438,1973,670204327.11
2014,"Usera",11093,1961,775859818.26
2014,"Usera",5478,1972,365346958.05
2014,"Usera",6529,1971,452766654.53
2014,"Puente de Vallecas",13639,1975,769724292.71
2014,"Puente de Vallecas",17494,1963,1206461161.39
2014,"Puente de Vallecas",16589,1981,1289469386.02
2014,"Puente de Vallecas",17713,1982,1241331700.8
2014,"Puente de Vallecas",11824,1977,823381547.58
2014,"Puente de Vallecas",20075,1971,1514412413.96
2014,"Moratalaz",3557,1979,363743955.82
2014,"Moratalaz",2410,1999,337573934.59
2014,"Moratalaz",11837,1976,1189078187.61
2014,"Moratalaz",7995,1975,827282918.76
2014,"Moratalaz",7821,1967,567889115.16
2014,"Moratalaz",8206,1966,624199714.2
2014,"Ciudad Lineal",23154,1967,1822912091.61
2014,"Ciudad Lineal",27218,1973,2275259505.74
2014,"Ciudad Lineal",12033,1965,1083199058.96
2014,"Ciudad Lineal",10781,1964,1062981036.66
2014,"Ciudad Lineal",8963,1976,1064000191.32
2014,"Ciudad Lineal",5843,1982,985650335.99
2014,"Ciudad Lineal",3069,1977,490076454.32
2014,"Ciudad Lineal",710,1978,162193304.49
2014,"Ciudad Lineal",9307,1985,1846581125.37
2014,"Hortaleza",2630,1992,666279841.89
2014,"Hortaleza",5262,1992,1971853642.09
2014,"Hortaleza",17961,1978,2198588682.73
2014,"Hortaleza",23860,1974,2378081809.58
2014,"Hortaleza",6466,1976,754092902.99
2014,"Hortaleza",21190,2003,3670798558.94
2014,"Villaverde",17920,1976,1061846801
2014,"Villaverde",5648,1965,264217527.15
2014,"Villaverde",7014,1995,519199295.21
2014,"Villaverde",14398,1980,925836484.92
2014,"Villaverde",13008,1969,865589358.29
2014,"Villa de Vallecas",36289,1997,3013062437.95
2014,"Villa de Vallecas",9576,1980,787637068.85
2014,"Vicálvaro",19228,1992,1674773354.87
2014,"Vicálvaro",8253,1970,444895174.1
2014,"San Blas",12339,1975,972119992.78
2014,"San Blas",4116,1970,256466657.74
2014,"San Blas",3794,1964,180106010.7
2014,"San Blas",9766,1976,733935023.21
2014,"San Blas",11880,1993,1389921240.87
2014,"San Blas",6609,1991,666718647.42
2014,"San Blas",12259,1974,913371344.84
2014,"San Blas",4870,1982,724103362.31
2014,"Barajas",8005,1981,1095424901.52
2014,"Barajas",580,1962,30775110.31
2014,"Barajas",3690,1980,399106520.59
2014,"Barajas",5098,1996,619860875.65
2014,"Barajas",2940,1999,518503962.03
2015,"Centro",13197,1928,1856167841.85
2015,"Centro",24744,1927,2467871751.59
2015,"Centro",6452,1922,1179903380.19
2015,"Centro",10298,1928,2153701997.97
2015,"Centro",19741,1929,2493608547.13
2015,"Centro",4437,1918,898298164.29
2015,"Arganzuela",10720,1971,1288405310.08
2015,"Arganzuela",17512,1976,2081123675.74
2015,"Arganzuela",9400,1957,903700500.85
2015,"Arganzuela",8571,1997,1278702608.82
2015,"Arganzuela",13192,1970,1521807028.94
2015,"Arganzuela",13339,1953,1358549744.49
2015,"Arganzuela",486,1996,79729051.15
2015,"Retiro",16718,1964,2053372747.67
2015,"Retiro",8485,1983,1157321172.28
2015,"Retiro",9358,1973,1718113234.82
2015,"Retiro",10083,1948,1963274157.97
2015,"Retiro",3155,1949,1309756585.71
2015,"Retiro",6248,1968,1564649180.97
2015,"Salamanca",8613,1946,3492962250.94
2015,"Salamanca",15936,1944,3135812220.29
2015,"Salamanca",10456,1958,1407290840.14
2015,"Salamanca",20185,1966,2961154035.85
2015,"Salamanca",10846,1950,2084279256.06
2015,"Salamanca",8303,1951,2953101317.63
2015,"Chamartín",7158,1966,2985011152.61
2015,"Chamartín",18395,1969,2416269098.61
2015,"Chamartín",8742,1967,1230951447.19
2015,"Chamartín",13900,1968,2946127452.98
2015,"Chamartín",10239,1970,2768430876.09
2015,"Chamartín",7841,1973,1224693074.95
2015,"Tetuán",13420,1959,1265770814.83
2015,"Tetuán",17908,1961,2591751136.41
2015,"Tetuán",11841,1969,1827205384.75
2015,"Tetuán",9998,1984,1116488032.01
2015,"Tetuán",12287,1979,918582992.53
2015,"Tetuán",11777,1970,1019479200.99
2015,"Chamberí",12907,1956,1988117542.28
2015,"Chamberí",13381,1951,1905672010.78
2015,"Chamberí",13360,1950,1914699328.19
2015,"Chamberí",8952,1957,2597071293.91
2015,"Chamberí",14143,1956,2245282027.84
2015,"Chamberí",9893,1963,2106225586.59
2015,"Fuencarral - El Pardo",1456,1960,157060495.51
2015,"Fuencarral - El Pardo",1293,1972,419416832.51
2015,"Fuencarral - El Pardo",19428,1980,2647447809.38
2015,"Fuencarral - El Pardo",21381,1969,1805600259.49
2015,"Fuencarral - El Pardo",13526,1980,1986534987.5
2015,"Fuencarral - El Pardo",26036,1990,3204466637.52
2015,"Fuencarral - El Pardo",11417,1992,2408147590.91
2015,"Fuencarral - El Pardo",5966,2006,918873565.39
2015,"Moncloa - Aravaca",6323,1969,699872202.59
2015,"Moncloa - Aravaca",12640,1949,3072544622.91
2015,"Moncloa - Aravaca",7339,1973,2005547513.71
2015,"Moncloa - Aravaca",14166,1968,1384969172.3
2015,"Moncloa - Aravaca",2429,2001,803097422.9
2015,"Moncloa - Aravaca",1065,1984,546733807.64
2015,"Moncloa - Aravaca",9512,1990,2210601622.69
2015,"Latina",7389,1977,572229969.83
2015,"Latina",20038,1964,1559618012.57
2015,"Latina",16165,1972,1221853541.85
2015,"Latina",29976,1970,2221363905.21
2015,"Latina",8470,1973,636298197.17
2015,"Latina",2289,2007,256258268.35
2015,"Latina",22927,1973,1398829452.58
2015,"Carabanchel",10888,1966,874802670.09
2015,"Carabanchel",14898,1972,1198993735.68
2015,"Carabanchel",17051,1975,1325341637.15
2015,"Carabanchel",19189,1970,1461817962.11
2015,"Carabanchel",13975,1974,1036824191.46
2015,"Carabanchel",19247,1989,1783342426.7
2015,"Carabanchel",12341,1974,931370136.23
2015,"Usera",9164,1987,739139237.43
2015,"Usera",5193,1990,437640005.01
2015,"Usera",9186,1986,725900155.66
2015,"Usera",8442,1973,670162774.24
2015,"Usera",11090,1962,775993426.46
2015,"Usera",5479,1973,365407603.46
2015,"Usera",6530,1971,452657503.86
2015,"Puente de Vallecas",13640,1975,769877761.22
2015,"Puente de Vallecas",17509,1963,1205145028.02
2015,"Puente de Vallecas",16640,1981,1295958745.9
2015,"Puente de Vallecas",17716,1982,1241587776.84
2015,"Puente de Vallecas",11826,1977,823212169.53
2015,"Puente de Vallecas",20096,1971,1516870828.85
2015,"Moratalaz",3557,1979,363864029.06
2015,"Moratalaz",2410,1999,337573934.59
2015,"Moratalaz",11866,1976,1192599999.46
2015,"Moratalaz",7996,1975,827331920.17
2015,"Moratalaz",7821,1967,567889115.16
2015,"Moratalaz",8205,1966,624032864.79
2015,"Ciudad Lineal",23140,1967,1819742878.53
2015,"Ciudad Lineal",27254,1973,2283716026.03
2015,"Ciudad Lineal",12050,1965,1082853758.82
2015,"Ciudad Lineal",10785,1964,1064288768.58
2015,"Ciudad Lineal",8968,1976,1065144381.62
2015,"Ciudad Lineal",5843,1982,986117431.14
2015,"Ciudad Lineal",3068,1977,489914428.6
2015,"Ciudad Lineal",710,1978,162193304.49
2015,"Ciudad Lineal",9308,1985,1846587019.05
2015,"Hortaleza",2630,1992,666499025.45
2015,"Hortaleza",5292,1992,1994362190.22
2015,"Hortaleza",18048,1978,2218552012.06
2015,"Hortaleza",23959,1974,2393784011.12
2015,"Hortaleza",6467,1976,754061762.19
2015,"Hortaleza",22031,2003,3669500483.46
2015,"Villaverde",17930,1976,1068897123.55
2015,"Villaverde",5649,1965,264112429.39
2015,"Villaverde",7351,1996,548185338.18
2015,"Villaverde",14405,1980,926156966.57
2015,"Villaverde",13008,1969,865589358.29
2015,"Villa de Vallecas",36667,1997,3050938498.81
2015,"Villa de Vallecas",9576,1980,787588782.06
2015,"Vicálvaro",19378,1992,1673511364.59
2015,"Vicálvaro",8254,1970,444368660.31
2015,"San Blas",12352,1975,968657887.22
2015,"San Blas",4116,1970,256466657.74
2015,"San Blas",3794,1964,180106776.65
2015,"San Blas",9833,1976,742589114.1
2015,"San Blas",11948,1993,1402753188.74
2015,"San Blas",6621,1991,666917588.61
2015,"San Blas",12260,1974,912753840.64
2015,"San Blas",4869,1982,724284050.16
2015,"Barajas",8010,1981,1095741015.97
2015,"Barajas",580,1962,30771135.17
2015,"Barajas",3680,1980,397071668.17
2015,"Barajas",5207,1996,628296323.29
2015,"Barajas",2975,1999,527394775.91
2016,"Centro",13239,1928,1855767075.52
2016,"Centro",24843,1927,2468583816
2016,"Centro",6477,1922,1178798984.98
2016,"Centro",10321,1928,2147784488.35
2016,"Centro",19833,1929,2492626892.24
2016,"Centro",4463,1918,891132206.71
2016,"Arganzuela",10723,1971,1288562425.58
2016,"Arganzuela",17513,1976,2081192829.47
2016,"Arganzuela",9429,1957,903502717.81
2016,"Arganzuela",8571,1997,1278702608.82
2016,"Arganzuela",13226,1970,1521661424.52
2016,"Arganzuela",13334,1953,1358544059.75
2016,"Arganzuela",457,1998,77904953.38
2016,"Retiro",16726,1964,2050526289.87
2016,"Retiro",8499,1983,1163704550.11
2016,"Retiro",9360,1973,1719269058.07
2016,"Retiro",10169,1948,1962110316.02
2016,"Retiro",3154,1949,1311673641.29
2016,"Retiro",6252,1968,1565653749.89
2016,"Salamanca",8645,1946,3484046920.86
2016,"Salamanca",16012,1944,3127952336
2016,"Salamanca",10439,1958,1407950588.22
2016,"Salamanca",20212,1966,2965801262.85
2016,"Salamanca",10850,1950,2083671541.73
2016,"Salamanca",8308,1951,2941185573.23
2016,"Chamartín",7158,1966,2996146031.61
2016,"Chamartín",18405,1970,2417591856.35
2016,"Chamartín",8843,1967,1232596843.95
2016,"Chamartín",13919,1968,2948483113.12
2016,"Chamartín",10239,1970,2767331981.89
2016,"Chamartín",7839,1973,1254195299
2016,"Tetuán",13432,1959,1266206168.29
2016,"Tetuán",17906,1961,2590135311.07
2016,"Tetuán",11872,1969,1827431486.7
2016,"Tetuán",10228,1984,1146099375.08
2016,"Tetuán",12306,1979,923479707.94
2016,"Tetuán",11795,1970,1020159811.69
2016,"Chamberí",12911,1956,1988470305.83
2016,"Chamberí",13386,1951,1906241677.47
2016,"Chamberí",13404,1950,1919673082.32
2016,"Chamberí",8959,1957,2593604870.17
2016,"Chamberí",14182,1956,2246483228.39
2016,"Chamberí",9904,1963,2107666086.75
2016,"Fuencarral - El Pardo",1456,1960,156910029.68
2016,"Fuencarral - El Pardo",1295,1972,420820346.41
2016,"Fuencarral - El Pardo",19427,1980,2647773656.59
2016,"Fuencarral - El Pardo",21386,1969,1806054626.4
2016,"Fuencarral - El Pardo",13528,1980,1987389827.31
2016,"Fuencarral - El Pardo",26221,1990,3243547290.15
2016,"Fuencarral - El Pardo",11757,1993,2476347033.82
2016,"Fuencarral - El Pardo",6037,2006,933942801.93
2016,"Moncloa - Aravaca",6324,1969,699970226.03
2016,"Moncloa - Aravaca",12679,1949,3077623321.03
2016,"Moncloa - Aravaca",7338,1973,2007466407.95
2016,"Moncloa - Aravaca",14282,1969,1407079622.01
2016,"Moncloa - Aravaca",2437,2001,807421092.05
2016,"Moncloa - Aravaca",1064,1984,545225752.22
2016,"Moncloa - Aravaca",9613,1990,2226228956.06
2016,"Latina",7392,1977,571866366.64
2016,"Latina",20079,1964,1562643350.08
2016,"Latina",16167,1972,1222070564.16
2016,"Latina",29978,1970,2221440769.65
2016,"Latina",8445,1973,632435114.6
2016,"Latina",2289,2007,256258268.35
2016,"Latina",23006,1973,1407476052.18
2016,"Carabanchel",10889,1966,699900590.11
2016,"Carabanchel",14929,1972,962076417.37
2016,"Carabanchel",17051,1975,1060307625.79
2016,"Carabanchel",19193,1970,1170167181.49
2016,"Carabanchel",14005,1974,828900741.4
2016,"Carabanchel",19249,1989,1426966626.42
2016,"Carabanchel",12354,1974,744422681.19
2016,"Usera",9164,1987,517397410.3
2016,"Usera",5191,1990,349993770.14
2016,"Usera",9187,1986,580930910.95
2016,"Usera",8442,1973,536200432.55
2016,"Usera",11090,1962,620860961.15
2016,"Usera",5481,1973,255841487.38
2016,"Usera",6537,1971,316905683.7
2016,"Puente de Vallecas",13643,1975,615963464.53
2016,"Puente de Vallecas",17525,1964,843319604.6
2016,"Puente de Vallecas",16642,1981,907745280.8
2016,"Puente de Vallecas",17715,1982,992747951.96
2016,"Puente de Vallecas",11833,1977,576375659.75
2016,"Puente de Vallecas",20095,1971,1061788439.76
2016,"Moratalaz",3558,1979,363864405.52
2016,"Moratalaz",2410,1999,337573934.59
2016,"Moratalaz",11867,1976,1192696455.02
2016,"Moratalaz",7996,1975,827331920.17
2016,"Moratalaz",7821,1967,567889115.16
2016,"Moratalaz",8205,1966,624133482.84
2016,"Ciudad Lineal",23113,1967,1816988207.26
2016,"Ciudad Lineal",27200,1973,2279354302.03
2016,"Ciudad Lineal",12079,1965,1084574972.77
2016,"Ciudad Lineal",10785,1964,1064336931.19
2016,"Ciudad Lineal",8972,1976,1064591898.38
2016,"Ciudad Lineal",5845,1982,986625680.11
2016,"Ciudad Lineal",3068,1977,489676706.67
2016,"Ciudad Lineal",712,1978,162609525.45
2016,"Ciudad Lineal",9309,1985,1845957591.41
2016,"Hortaleza",2632,1992,666767416.2
2016,"Hortaleza",5294,1993,1995796150.74
2016,"Hortaleza",18040,1978,2215834025.45
2016,"Hortaleza",23959,1974,2394116143.02
2016,"Hortaleza",6466,1976,753966895.43
2016,"Hortaleza",22482,2004,3920319038.26
2016,"Villaverde",18018,1976,1068666556.53
2016,"Villaverde",5649,1965,158467664.73
2016,"Villaverde",7541,1996,563235347.66
2016,"Villaverde",14403,1980,926110154.09
2016,"Villaverde",13010,1970,866069946.06
2016,"Villa de Vallecas",36673,1997,3079145849.7
2016,"Villa de Vallecas",9574,1980,629972807.91
2016,"Vicálvaro",19760,1993,1726241382.07
2016,"Vicálvaro",8254,1970,444395324.39
2016,"San Blas",12354,1975,968573018.24
2016,"San Blas",4116,1970,256466657.74
2016,"San Blas",3796,1964,180154439.05
2016,"San Blas",9857,1976,750349926.43
2016,"San Blas",11948,1993,1402854169.16
2016,"San Blas",6723,1991,680914647.98
2016,"San Blas",12265,1974,914362430.5
2016,"San Blas",4860,1982,721873674.29
2016,"Barajas",8011,1981,1095758483.12
2016,"Barajas",580,1962,30771135.17
2016,"Barajas",3680,1980,396607009.3
2016,"Barajas",5209,1996,640192595.95
2016,"Barajas",3017,1999,537571909.66
2017,"Centro",13185,1928,1863673519.2
2017,"Centro",24941,1927,2476657476.17
2017,"Centro",6506,1923,1184023090.84
2017,"Centro",10383,1929,2187389091.46
2017,"Centro",19891,1930,2503378442.7
2017,"Centro",4521,1918,913511211.42
2017,"Arganzuela",10726,1971,1291192523.54
2017,"Arganzuela",17524,1976,2083218643.9
2017,"Arganzuela",9463,1957,905053502.55
2017,"Arganzuela",8644,1997,1294005146.3
2017,"Arganzuela",13217,1970,1523005110.45
2017,"Arganzuela",13372,1954,1361742516.93
2017,"Arganzuela",457,1998,77904953.38
2017,"Retiro",16740,1964,2053453142.95
2017,"Retiro",8654,1983,1185232256.14
2017,"Retiro",9372,1973,1723042174.33
2017,"Retiro",10177,1948,1976824309
2017,"Retiro",3167,1950,1342759495.44
2017,"Retiro",6255,1968,1568605702.93
2017,"Salamanca",8683,1947,3508955260.1
2017,"Salamanca",16196,1944,3141160632
2017,"Salamanca",10490,1958,1420130372.52
2017,"Salamanca",20245,1966,2980276435.32
2017,"Salamanca",10904,1950,2093207915.03
2017,"Salamanca",8335,1951,2926040543.97
2017,"Chamartín",7168,1966,3026139195.84
2017,"Chamartín",18476,1970,2428218737.25
2017,"Chamartín",8909,1967,1265826827.51
2017,"Chamartín",13942,1968,2977648676.58
2017,"Chamartín",10516,1971,2865775389.86
2017,"Chamartín",7858,1974,1231260656.83
2017,"Tetuán",13583,1960,1288650950.28
2017,"Tetuán",17930,1961,2589030716.31
2017,"Tetuán",11878,1969,1826910907.06
2017,"Tetuán",10257,1985,1149418391.23
2017,"Tetuán",12411,1979,937392740.77
2017,"Tetuán",11890,1970,1027183874.83
2017,"Chamberí",12956,1956,2017999538.52
2017,"Chamberí",13393,1951,1925152357.05
2017,"Chamberí",13494,1951,1946855762.94
2017,"Chamberí",8994,1957,2637559284.19
2017,"Chamberí",14241,1956,2256483591.57
2017,"Chamberí",9919,1963,2122730954.64
2017,"Fuencarral - El Pardo",1460,1960,158891093.64
2017,"Fuencarral - El Pardo",1295,1972,424375904.3
2017,"Fuencarral - El Pardo",19486,1981,2673878801.85
2017,"Fuencarral - El Pardo",21401,1969,1807177189.96
2017,"Fuencarral - El Pardo",13532,1980,1987794589.44
2017,"Fuencarral - El Pardo",26465,1990,3303934431.7
2017,"Fuencarral - El Pardo",11843,1994,2523271079.47
2017,"Fuencarral - El Pardo",6580,2006,1028964463.15
2017,"Moncloa - Aravaca",6326,1969,707519800.84
2017,"Moncloa - Aravaca",12738,1950,3127030198.4
2017,"Moncloa - Aravaca",7344,1973,2027698246.91
2017,"Moncloa - Aravaca",14324,1969,1418648003.43
2017,"Moncloa - Aravaca",2462,2001,824269851.68
2017,"Moncloa - Aravaca",1061,1984,552857894.06
2017,"Moncloa - Aravaca",9744,1991,2293369557.88
2017,"Latina",7398,1977,574378299.78
2017,"Latina",20109,1964,1572403702.23
2017,"Latina",16176,1972,1223100404.61
2017,"Latina",29999,1970,2222639362.7
2017,"Latina",8451,1973,637243783.02
2017,"Latina",2321,2007,260783627.41
2017,"Latina",23011,1973,1410044532.41
2017,"Carabanchel",10915,1966,704353567.7
2017,"Carabanchel",15001,1972,973348072.52
2017,"Carabanchel",17123,1975,1069960914.86
2017,"Carabanchel",19300,1970,1178174306.65
2017,"Carabanchel",14085,1974,836130774.92
2017,"Carabanchel",19596,1990,1466491740.19
2017,"Carabanchel",12390,1974,745935717.24
2017,"Usera",9164,1987,517432571.02
2017,"Usera",5193,1990,350183967.55
2017,"Usera",9186,1986,581609073.55
2017,"Usera",8494,1973,542197002.47
2017,"Usera",11098,1962,622400290.64
2017,"Usera",5484,1973,255643156.46
2017,"Usera",6560,1971,317704654.19
2017,"Puente de Vallecas",13645,1975,616698611.15
2017,"Puente de Vallecas",17605,1964,855732126.09
2017,"Puente de Vallecas",16642,1981,907459419.3
2017,"Puente de Vallecas",17723,1982,993078928.78
2017,"Puente de Vallecas",11832,1977,579359704.87
2017,"Puente de Vallecas",20127,1971,1067271008.5
2017,"Moratalaz",3558,1979,363881686.32
2017,"Moratalaz",2410,1999,338820633.92
2017,"Moratalaz",11860,1976,1192423623.69
2017,"Moratalaz",8018,1975,827419970.95
2017,"Moratalaz",7819,1967,567988614.43
2017,"Moratalaz",8194,1966,623614743.42
2017,"Ciudad Lineal",23161,1967,1818169914.22
2017,"Ciudad Lineal",27252,1973,2284765646.46
2017,"Ciudad Lineal",12094,1965,1088182165.43
2017,"Ciudad Lineal",10809,1964,1073017318.01
2017,"Ciudad Lineal",8984,1976,1068403674.79
2017,"Ciudad Lineal",5850,1982,997359378.93
2017,"Ciudad Lineal",3066,1978,492733429.91
2017,"Ciudad Lineal",715,1978,165726027.91
2017,"Ciudad Lineal",9307,1985,1846651292.35
2017,"Hortaleza",2626,1992,683198727.93
2017,"Hortaleza",5298,1993,2060679542.33
2017,"Hortaleza",18055,1978,2225030063.21
2017,"Hortaleza",23976,1974,2400642602.54
2017,"Hortaleza",6470,1976,766446059.36
2017,"Hortaleza",22874,2004,4099466295.23
2017,"Villaverde",18043,1976,1074743080.04
2017,"Villaverde",5647,1965,158414230.89
2017,"Villaverde",7542,1996,563267639.2
2017,"Villaverde",14409,1980,927342926.74
2017,"Villaverde",13012,1970,866259565.27
2017,"Villa de Vallecas",14906,1980,908230614.59
2017,"Villa de Vallecas",9574,1980,631269234.86
2017,"Villa de Vallecas",22733,2009,2268326589.07
2017,"Vicálvaro",19897,1993,1743565877.61
2017,"Vicálvaro",8266,1970,446409650.61
2017,"San Blas",12373,1975,972222520.66
2017,"San Blas",4116,1970,256466657.74
2017,"San Blas",3796,1964,180152316.82
2017,"San Blas",9857,1976,762073635.47
2017,"San Blas",12005,1993,1413509352.39
2017,"San Blas",6727,1991,685263499.39
2017,"San Blas",12274,1974,920832293.64
2017,"San Blas",4874,1982,731028548.26
2017,"Barajas",8014,1981,1108299077.86
2017,"Barajas",579,1962,30458835.07
2017,"Barajas",3672,1981,412786636.07
2017,"Barajas",5214,1996,646359673.32
2017,"Barajas",3019,1999,547746951.68
